Date,Placement Name,Requested Impressions,Executed Impressions,Clickthrough Rate,Clicks,Viewability,Banner - Renders,Banner - Viewability,DriveBy - Renders,DriveBy - Viewability,DriveBy - Video Play Rate,DriveBy - Video First Quarter Views,DriveBy - Video Second Quarter Views,DriveBy - Video Third Quarter Views,DriveBy - Video Completions,DriveBy - Video Completion Rate
8-Mar-17,147332360 - Adidas TH,0,0,2.12%,0,0%,0,0%,0,0%,0%,0,0,0,0,0%
9-Mar-17,147332360 - Adidas TH,6461,4325,1.67%,65,81.13%,5899,12.27%,4285,77.55%,81.80%,3179,2884,2613,2435,69.47%
10-Mar-17,147332360 - Adidas TH,15333,9163,0.95%,133,79.67%,13893,16.10%,9083,72.61%,76.24%,6312,5767,5212,4878,70.44%
11-Mar-17,147332360 - Adidas TH,8917,6095,0%,104,78.80%,7896,25.65%,6048,71.03%,74.07%,4113,3755,3389,3169,70.74%
12-Mar-17,147332360 - Adidas TH,10282,7239,0%,83,78.28%,9025,27.32%,7173,69.90%,72.94%,4772,4384,3916,3618,69.15%
13-Mar-17,147332360 - Adidas TH,11180,7391,1.24%,99,77.99%,9851,28.40%,7310,65.62%,68.92%,4522,4085,3660,3396,67.41%
14-Mar-17,147332360 - Adidas TH,14873,8490,1.39%,133,79.63%,13460,21.32%,8432,70.43%,74.18%,5675,5203,4717,4378,69.99%
15-Mar-17,147332360 - Adidas TH,9983,3933,1.31%,51,82.74%,9267,9.80%,3901,77.29%,80.31%,2879,2654,2421,2263,72.23%
16-Mar-17,147332360 - Adidas TH,9807,3827,1.21%,59,83.02%,9038,9.59%,3805,77.27%,79.63%,2810,2587,2326,2182,72.01%
17-Mar-17,147332360 - Adidas TH,25,0,1.03%,0,0%,7,0%,0,0%,0%,0,0,0,0,0%
18-Mar-17,147332360 - Adidas TH,7,0,1.50%,0,0%,2,0%,0,0%,0%,0,0,0,0,0%
19-Mar-17,147332360 - Adidas TH,7,0,1.36%,0,0%,2,0%,0,0%,0%,0,0,0,0,0%
20-Mar-17,147332360 - Adidas TH,0,0,2.13%,0,0%,0,0%,0,0%,0%,0,0,0,0,0%
21-Mar-17,147332360 - Adidas TH,11997,6723,1.69%,95,80.57%,8733,15.06%,6644,76.85%,81.31%,4913,4615,4566,4173,77.25%
22-Mar-17,147332360 - Adidas TH,13915,4262,2.16%,64,83.44%,13004,6.31%,4252,80.36%,84.43%,3260,3026,2750,2591,72.17%
23-Mar-17,147332360 - Adidas TH,13898,4035,1.08%,67,83%,12763,6.06%,4021,78.61%,83.01%,3030,2761,2533,2384,71.42%
24-Mar-17,147332360 - Adidas TH,12085,3737,1.45%,66,77.07%,11035,6.91%,3708,72.36%,78.07%,2507,2263,2026,1887,65.18%
25-Mar-17,147332360 - Adidas TH,13107,3879,1.86%,65,76.82%,12104,5.41%,3859,72.17%,79.61%,2618,2307,2014,1837,59.80%
26-Mar-17,147332360 - Adidas TH,14557,3965,1.62%,59,79.72%,13524,4.64%,3943,76.21%,81.54%,2850,2614,2316,2169,67.47%
27-Mar-17,147332360 - Adidas TH,10220,3031,1.62%,46,80.67%,8787,5.90%,3004,77.23%,82.12%,2207,2011,1839,1701,68.95%
28-Mar-17,147332360 - Adidas TH,5897,1455,1.48%,18,80.14%,5374,5.17%,1436,74.93%,79.94%,1022,927,825,775,67.51%
29-Mar-17,147332360 - Adidas TH,6467,1471,1.35%,19,85.93%,6061,5.13%,1469,81.21%,85.02%,1155,1073,982,923,73.90%
30-Mar-17,147332360 - Adidas TH,6405,1477,1.71%,15,82.80%,6002,4.43%,1461,79.53%,83.71%,1122,1044,965,913,74.65%
31-Mar-17,147332360 - Adidas TH,8476,2680,1.38%,27,84.14%,7834,6.52%,2676,79.78%,83.82%,2058,1906,1761,1644,73.29%
1-Apr-17,147332360 - Adidas TH,5852,997,1.58%,11,86.26%,5305,3.05%,992,84.27%,87.70%,809,755,702,666,76.55%
2-Apr-17,147332360 - Adidas TH,7706,1125,1.79%,19,84.62%,7116,1.64%,1124,82.92%,86.48%,901,850,792,742,76.34%
3-Apr-17,147332360 - Adidas TH,5788,736,1.66%,14,80.16%,5315,2.13%,730,76.58%,83.01%,536,479,435,405,66.83%
4-Apr-17,147332360 - Adidas TH,2530,921,0.70%,4,73.62%,2210,24.62%,856,21.61%,23.13%,180,160,133,126,63.64%
5-Apr-17,147332360 - Adidas TH,5140,3326,1.15%,14,72.16%,4340,51.50%,3126,10.56%,11.68%,325,284,254,238,65.21%
6-Apr-17,147332360 - Adidas TH,5248,3302,1.93%,13,71.38%,4365,47.40%,3119,14.65%,16.13%,442,417,386,354,70.38%
7-Apr-17,147332360 - Adidas TH,1161,586,1.39%,2,68.26%,771,43.97%,554,17.87%,19.68%,100,95,84,79,72.48%
8-Apr-17,147332360 - Adidas TH,899,578,1.33%,1,67.30%,766,47.26%,548,9.31%,10.22%,52,46,41,40,71.43%
9-Apr-17,147332360 - Adidas TH,6023,3530,1.66%,19,69.29%,4967,45.14%,3309,10.76%,11.63%,355,333,299,276,71.69%
10-Apr-17,147332360 - Adidas TH,4218,2316,1.07%,13,70.90%,3173,47.08%,2166,15.19%,16.16%,328,306,283,267,76.29%
11-Apr-17,147332360 - Adidas TH,8,0,1.34%,0,0%,3,0%,0,0%,0%,0,0,0,0,0%
8-Mar-17,147332363 - Adidas DB - MY,2710,1692,1.55%,21,83.92%,2470,9.23%,1688,80.98%,84.89%,1322,1206,1086,1028,71.74%
9-Mar-17,147332363 - Adidas DB - MY,15943,9063,1.52%,123,84.41%,14729,8.93%,9033,80.88%,84.39%,7051,6513,5903,5535,72.61%
10-Mar-17,147332363 - Adidas DB - MY,7748,4419,1.60%,82,78.98%,6894,18.94%,4370,70.39%,73.02%,2937,2710,2420,2254,70.64%
11-Mar-17,147332363 - Adidas DB - MY,11211,7521,1.81%,104,78.65%,9964,24.60%,7440,70.93%,73.95%,5035,4621,4159,3869,70.32%
12-Mar-17,147332363 - Adidas DB - MY,10482,7397,1.09%,143,78.14%,9230,27.57%,7321,70.18%,73.57%,4892,4446,3988,3677,68.27%
13-Mar-17,147332363 - Adidas DB - MY,11112,7289,1.57%,113,77.68%,9741,28.10%,7204,66.07%,68.99%,4471,4073,3588,3300,66.40%
14-Mar-17,147332363 - Adidas DB - MY,14600,8079,1.67%,135,79.44%,13153,20.76%,8007,70.84%,74.85%,5391,4892,4393,4061,67.76%
15-Mar-17,147332363 - Adidas DB - MY,9818,3788,1.50%,61,82.18%,9114,8.28%,3756,77.98%,81.02%,2838,2620,2388,2248,73.87%
16-Mar-17,147332363 - Adidas DB - MY,9202,3532,1.99%,50,80.75%,8478,9.50%,3505,75.12%,78.03%,2523,2334,2133,1979,72.36%
17-Mar-17,147332363 - Adidas DB - MY,23,0,1.67%,0,0%,7,0%,0,0%,0%,0,0,0,0,0%
18-Mar-17,147332363 - Adidas DB - MY,7,0,0.91%,0,0%,2,0%,0,0%,0%,0,0,0,0,0%
19-Mar-17,147332363 - Adidas DB - MY,7,0,1.30%,0,0%,2,0%,0,0%,0%,0,0,0,0,0%
20-Mar-17,147332363 - Adidas DB - MY,5,0,1.61%,0,0%,2,0%,0,0%,0%,0,0,0,0,0%
21-Mar-17,147332363 - Adidas DB - MY,11430,7988,1.47%,95,84.01%,9272,18.35%,7893,78.84%,81.91%,5949,5527,5231,4841,74.88%
22-Mar-17,147332363 - Adidas DB - MY,9246,7680,1.66%,89,87.43%,8644,20.53%,7645,82.73%,85.66%,6114,5703,5225,4936,75.37%
23-Mar-17,147332363 - Adidas DB - MY,13905,10956,1.22%,125,85.48%,12838,24.21%,10863,76.98%,80.15%,8012,7323,6648,6233,71.59%
24-Mar-17,147332363 - Adidas DB - MY,13699,11207,0.90%,135,85.48%,12593,24.81%,11112,77.94%,81.05%,8374,7730,7073,6633,73.65%
25-Mar-17,147332363 - Adidas DB - MY,12819,10400,1.54%,143,84.35%,11743,23.40%,10329,77.08%,80.52%,7607,6965,6320,5927,71.26%
26-Mar-17,147332363 - Adidas DB - MY,12081,9843,1.42%,128,83.93%,10950,26.44%,9739,74.80%,78.87%,6988,6419,5856,5446,70.90%
27-Mar-17,147332363 - Adidas DB - MY,12344,9481,0%,122,84.85%,10841,29.82%,9367,72.85%,76.63%,6505,6054,5544,5211,72.60%
28-Mar-17,147332363 - Adidas DB - MY,21468,16727,0%,178,84.22%,19388,31.41%,16519,70.79%,75.03%,11129,10270,9331,8745,70.56%
29-Mar-17,147332363 - Adidas DB - MY,20950,15325,0%,159,83.52%,18875,31.59%,15158,67.57%,71.78%,9700,8899,8099,7578,69.64%
30-Mar-17,147332363 - Adidas DB - MY,19720,15792,0%,158,84.79%,17971,28.09%,15639,74.64%,77.86%,11206,10479,9563,8941,73.43%
31-Mar-17,147332363 - Adidas DB - MY,19831,16364,0%,173,84%,17907,27.48%,16201,74.17%,77.30%,11526,10727,9805,9190,73.38%
1-Apr-17,147332363 - Adidas DB - MY,18659,15056,0%,180,83.07%,16831,26.65%,14893,74.02%,77.48%,10584,9781,8936,8396,72.76%
2-Apr-17,147332363 - Adidas DB - MY,19180,15130,0%,150,80.83%,17043,23.88%,15013,72.21%,76.19%,10203,9281,8309,7732,67.60%
3-Apr-17,147332363 - Adidas DB - MY,16744,13486,0%,128,81.43%,15048,27.07%,13355,71.09%,75.32%,9006,8287,7428,6865,68.25%
4-Apr-17,147332363 - Adidas DB - MY,15093,12854,0%,139,86.39%,13852,27.44%,12727,76.79%,79.46%,9528,8951,8219,7770,76.83%
5-Apr-17,147332363 - Adidas DB - MY,12596,10809,0%,115,87.33%,11649,24.15%,10726,80.19%,83.13%,8438,8005,7371,6950,77.95%
6-Apr-17,147332363 - Adidas DB - MY,10707,8720,0%,97,84.53%,9706,21.98%,8636,77.01%,79.94%,6425,5989,5465,5140,74.45%
7-Apr-17,147332363 - Adidas DB - MY,1159,802,0%,3,84.04%,915,17.70%,796,76.63%,81.41%,587,561,536,507,78.24%
8-Apr-17,147332363 - Adidas DB - MY,7,0,0%,0,0%,2,0%,0,0%,0%,0,0,0,0,0%
9-Apr-17,147332363 - Adidas DB - MY,9681,7793,0%,85,87.05%,8395,28.33%,7732,76.88%,79.94%,5750,5389,4911,4623,74.79%
10-Apr-17,147332363 - Adidas DB - MY,41098,33161,0%,367,84.89%,35664,29.37%,32809,76.37%,79.23%,24465,22957,21265,19981,76.86%
11-Apr-17,147332363 - Adidas DB - MY,12094,10263,0%,110,85.54%,11164,28.39%,10181,75.88%,78.67%,7576,7132,6567,6211,77.55%
8-Mar-17,147333259 - Adidas DB - SG,41,0,0%,0,0%,18,0%,0,0%,0%,0,0,0,0,0%
9-Mar-17,147333259 - Adidas DB - SG,5956,3400,0%,35,85.26%,5544,22.89%,3368,77.58%,80.82%,2547,2317,2060,1911,70.21%
10-Mar-17,147333259 - Adidas DB - SG,8788,6088,0%,66,82.11%,8141,28.77%,6015,75.51%,79.05%,4293,3852,3431,3184,66.96%
11-Mar-17,147333259 - Adidas DB - SG,7241,4945,0%,67,82.31%,6598,34.40%,4881,74.43%,78.96%,3408,3030,2667,2440,63.31%
12-Mar-17,147333259 - Adidas DB - SG,7968,5583,0%,39,80.96%,7279,40.16%,5532,70.52%,75.81%,3675,3205,2790,2522,60.13%
13-Mar-17,147333259 - Adidas DB - SG,8371,5243,0%,56,78.83%,7726,35.13%,5199,64.44%,69.38%,3131,2709,2348,2120,58.77%
14-Mar-17,147333259 - Adidas DB - SG,8427,5771,0%,63,82.24%,7779,34.22%,5720,72.62%,76.66%,3901,3441,2994,2673,60.96%
15-Mar-17,147333259 - Adidas DB - SG,8195,5807,0%,53,82.45%,7525,35.50%,5749,72.90%,77.07%,3968,3552,3148,2874,64.86%
16-Mar-17,147333259 - Adidas DB - SG,5212,3544,2.10%,32,80.64%,4739,35.32%,3500,70.29%,74.80%,2333,2066,1843,1677,64.06%
17-Mar-17,147333259 - Adidas DB - SG,28,5,0%,0,100%,13,38.46%,5,40%,40%,2,1,1,1,50%
18-Mar-17,147333259 - Adidas DB - SG,7,0,2.14%,0,0%,2,0%,0,0%,0%,0,0,0,0,0%
19-Mar-17,147333259 - Adidas DB - SG,7,0,1.52%,0,0%,2,0%,0,0%,0%,0,0,0,0,0%
20-Mar-17,147333259 - Adidas DB - SG,4,0,1.41%,0,0%,2,0%,0,0%,0%,0,0,0,0,0%
21-Mar-17,147333259 - Adidas DB - SG,8481,6202,1.19%,94,86.13%,7246,26.01%,6137,81.68%,85.19%,4849,4513,4211,3924,75.06%
22-Mar-17,147333259 - Adidas DB - SG,9799,8577,1.65%,120,86.90%,9284,28.36%,8529,82.33%,85.43%,6829,6265,5643,5274,72.39%
23-Mar-17,147333259 - Adidas DB - SG,9727,8181,0%,99,83.54%,9080,31.32%,8089,75.81%,80.49%,5837,5221,4647,4341,66.67%
24-Mar-17,147333259 - Adidas DB - SG,7292,6438,1.30%,85,85.17%,6920,29.38%,6403,77.43%,81.88%,4744,4248,3791,3508,66.91%
25-Mar-17,147333259 - Adidas DB - SG,10571,9083,1.40%,88,75.65%,9676,32.40%,8954,67.92%,77.50%,5380,4575,3955,3586,51.68%
26-Mar-17,147333259 - Adidas DB - SG,7925,6667,1.50%,79,82.48%,7294,36.61%,6581,70.69%,77.56%,4333,3857,3425,3160,61.91%
27-Mar-17,147333259 - Adidas DB - SG,9035,7261,1.16%,85,82.30%,8016,38.96%,7140,67.77%,74.33%,4506,3964,3564,3303,62.24%
28-Mar-17,147333259 - Adidas DB - SG,16716,13485,2.14%,139,82.40%,15431,37.10%,13332,69.35%,74.50%,8647,7749,6986,6461,65.05%
29-Mar-17,147333259 - Adidas DB - SG,15490,12982,0.55%,158,85.13%,14374,33.53%,12866,74.54%,78.77%,9126,8219,7355,6875,67.83%
30-Mar-17,147333259 - Adidas DB - SG,13587,11310,1.53%,124,84.83%,12703,33.43%,11214,76.16%,79.76%,8120,7398,6622,6134,68.58%
31-Mar-17,147333259 - Adidas DB - SG,13825,11306,1.21%,119,83.25%,12764,35.09%,11183,74.37%,78.11%,7915,7170,6389,5938,67.98%
1-Apr-17,147333259 - Adidas DB - SG,14046,11291,1.66%,95,83.37%,13005,34.29%,11198,74.25%,77.77%,7904,7081,6312,5820,66.83%
2-Apr-17,147333259 - Adidas DB - SG,15525,11612,1.14%,122,83.32%,14400,31.60%,11518,71.10%,75.86%,7764,6930,6160,5675,64.95%
3-Apr-17,147333259 - Adidas DB - SG,12409,8979,2.25%,79,82.68%,11325,31.04%,8870,69.43%,74.10%,5830,5163,4620,4191,63.76%
4-Apr-17,147333259 - Adidas DB - SG,6025,4385,0.80%,30,79.48%,5320,38.40%,4297,51.57%,54.81%,2131,1932,1724,1592,67.60%
5-Apr-17,147333259 - Adidas DB - SG,2678,1942,1.47%,2,75.59%,2270,48.68%,1883,27.51%,29.53%,498,448,391,360,64.75%
6-Apr-17,147333259 - Adidas DB - SG,1756,1149,1.32%,4,74.24%,1457,47.36%,1106,23.15%,25.59%,243,216,191,173,61.13%
7-Apr-17,147333259 - Adidas DB - SG,1313,774,1.77%,6,78.17%,1012,49.21%,741,23.89%,26.18%,174,162,143,138,71.13%
8-Apr-17,147333259 - Adidas DB - SG,1470,971,1.20%,2,74.36%,1262,49.05%,939,19.06%,20.77%,170,147,122,112,57.44%
9-Apr-17,147333259 - Adidas DB - SG,1802,1188,1.93%,5,75.93%,1522,52.10%,1145,16.51%,17.73%,176,160,138,132,65.02%
10-Apr-17,147333259 - Adidas DB - SG,887,540,0%,1,73.52%,703,46.94%,523,23.90%,27.15%,125,120,111,99,69.72%
11-Apr-17,147333259 - Adidas DB - SG,7,0,1.92%,0,0%,2,0%,0,0%,0%,0,0,0,0,0%
8-Mar-17,147334429 - Adidas DB - ID,657,424,0.97%,9,85.38%,583,10.12%,420,82.86%,85.24%,342,314,280,264,73.74%
9-Mar-17,147334429 - Adidas DB - ID,21138,12099,1.68%,168,84.48%,19532,9.15%,12059,80.98%,84.74%,9432,8703,7940,7472,73.12%
10-Mar-17,147334429 - Adidas DB - ID,7463,4233,1.38%,90,78.17%,6652,17.95%,4190,70.67%,73.94%,2825,2581,2308,2123,68.53%
11-Mar-17,147334429 - Adidas DB - ID,18290,12219,1.82%,198,79.15%,16197,25.29%,12101,71.49%,74.32%,8271,7555,6810,6300,70.05%
12-Mar-17,147334429 - Adidas DB - ID,10317,7237,0%,114,77.89%,9039,26.56%,7165,69.64%,73.44%,4777,4385,3920,3628,68.95%
13-Mar-17,147334429 - Adidas DB - ID,12606,8256,2.02%,115,78.14%,11105,28.12%,8162,65.54%,68.71%,5086,4619,4107,3787,67.53%
14-Mar-17,147334429 - Adidas DB - ID,15678,8878,1.18%,135,79.84%,14227,21.19%,8811,70.92%,74.49%,5961,5458,4904,4555,69.40%
15-Mar-17,147334429 - Adidas DB - ID,13024,5187,1.49%,78,81.15%,12085,9.61%,5146,75.57%,78.53%,3771,3480,3147,2917,72.19%
16-Mar-17,147334429 - Adidas DB - ID,10832,4074,1.30%,60,80.17%,10018,9.26%,4052,74.23%,77.49%,2868,2641,2356,2215,70.54%
17-Mar-17,147334429 - Adidas DB - ID,24,0,1.84%,0,0%,8,0%,0,0%,0%,0,0,0,0,0%
18-Mar-17,147334429 - Adidas DB - ID,7,0,0%,0,0%,2,0%,0,0%,0%,0,0,0,0,0%
19-Mar-17,147334429 - Adidas DB - ID,7,0,1.80%,0,0%,2,0%,0,0%,0%,0,0,0,0,0%
20-Mar-17,147334429 - Adidas DB - ID,0,0,1.17%,0,0%,0,0%,0,0%,0%,0,0,0,0,0%
21-Mar-17,147334429 - Adidas DB - ID,13180,5515,1.52%,116,76.90%,7399,14.81%,5395,72.05%,75.51%,3659,3371,3547,3211,78.82%
22-Mar-17,147334429 - Adidas DB - ID,17663,13186,1.29%,217,84.31%,16376,13.20%,13128,81.31%,83.09%,10205,9496,8663,8198,75.16%
23-Mar-17,147334429 - Adidas DB - ID,10083,7117,1.79%,152,78.32%,8762,19.88%,7053,69.01%,71.94%,4576,4172,3756,3508,69.14%
24-Mar-17,147334429 - Adidas DB - ID,15367,11008,0%,248,81.31%,13659,20.63%,10918,71.38%,73.87%,7403,6757,6067,5734,71.10%
25-Mar-17,147334429 - Adidas DB - ID,13913,9903,1.83%,191,78.65%,12249,22.20%,9814,68.83%,71.59%,6356,5757,5144,4767,67.85%
26-Mar-17,147334429 - Adidas DB - ID,15599,11017,1.03%,200,77.83%,13395,25.38%,10877,66.53%,69.40%,6721,6006,5286,4849,64.23%
27-Mar-17,147334429 - Adidas DB - ID,11817,8100,1.24%,149,79.22%,9761,26.81%,7991,66.94%,69.78%,5025,4496,4021,3711,66.55%
28-Mar-17,147334429 - Adidas DB - ID,17583,12615,1.06%,226,79.14%,15215,26.82%,12485,66.22%,69.02%,7673,6907,6131,5679,65.90%
29-Mar-17,147334429 - Adidas DB - ID,15466,11078,1.78%,197,79.09%,13453,27.53%,10964,66.09%,69.05%,6793,6109,5347,4928,65.09%
30-Mar-17,147334429 - Adidas DB - ID,17546,12746,0%,240,79.14%,15263,28.76%,12618,65.53%,68.55%,7728,6923,6071,5585,64.57%
31-Mar-17,147334429 - Adidas DB - ID,15210,10712,1.90%,181,78.59%,13169,31.71%,10594,61.90%,65.02%,6072,5374,4682,4277,62.09%
1-Apr-17,147334429 - Adidas DB - ID,15199,8482,1.22%,146,76.90%,13229,25.78%,8387,60.80%,63.69%,4704,4196,3660,3360,62.90%
2-Apr-17,147334429 - Adidas DB - ID,14403,5894,1.29%,112,77.93%,12800,18.37%,5834,60.88%,63.30%,3322,2929,2517,2341,63.39%
3-Apr-17,147334429 - Adidas DB - ID,15020,8674,1.04%,142,76.44%,12827,31.16%,8544,54.41%,57.85%,4256,3690,3190,2887,58.41%
4-Apr-17,147334429 - Adidas DB - ID,14083,10393,1.88%,194,83.91%,12901,15.70%,10326,78.07%,79.87%,7726,7179,6495,6190,75.06%
5-Apr-17,147334429 - Adidas DB - ID,8192,6349,0%,119,84.36%,7579,11.68%,6318,81.50%,84.09%,4964,4667,4263,4078,76.76%
6-Apr-17,147334429 - Adidas DB - ID,39731,28210,1.48%,446,86.75%,36588,9.05%,28086,84.11%,86.12%,22831,21412,19818,18945,78.32%
7-Apr-17,147334429 - Adidas DB - ID,27657,17208,1.10%,203,86.82%,22907,7.57%,17102,84.77%,86.60%,13932,13097,12449,11862,80.09%
8-Apr-17,147334429 - Adidas DB - ID,8,0,1.02%,0,0%,2,0%,0,0%,0%,0,0,0,0,0%
9-Apr-17,147334429 - Adidas DB - ID,21446,14363,1%,253,86.48%,19121,8.77%,14309,84.40%,86.34%,11563,10628,9680,9169,74.22%
10-Apr-17,147334429 - Adidas DB - ID,48447,31853,1.69%,495,85.91%,42326,11.05%,31626,83.60%,84.85%,25214,23244,21500,20268,75.53%
11-Apr-17,147334429 - Adidas DB - ID,5560,3773,0%,74,85.05%,5142,8.73%,3759,83.05%,84.01%,2990,2659,2423,2289,72.48%
8-Mar-17,147334432 - Adidas DB - PH,779,524,1.29%,5,86.07%,708,10.31%,519,82.47%,86.13%,409,386,360,342,76.51%
9-Mar-17,147334432 - Adidas DB - PH,11665,6552,1.05%,79,84.26%,10715,9.39%,6514,81.33%,84.43%,5111,4699,4302,4047,73.58%
10-Mar-17,147334432 - Adidas DB - PH,5025,2827,1.01%,61,79.38%,4467,19.70%,2799,70.60%,73.17%,1879,1708,1520,1412,68.95%
11-Mar-17,147334432 - Adidas DB - PH,7613,5135,1.06%,76,79.47%,6750,24.86%,5084,71.87%,74.72%,3475,3206,2898,2702,71.12%
12-Mar-17,147334432 - Adidas DB - PH,6998,4942,1.72%,82,77.86%,6167,26.66%,4882,70.24%,73.49%,3277,3030,2700,2511,69.98%
13-Mar-17,147334432 - Adidas DB - PH,7476,4928,0%,82,78.10%,6574,29.60%,4878,65.99%,69.31%,3043,2758,2435,2255,66.70%
14-Mar-17,147334432 - Adidas DB - PH,9679,5480,1.21%,99,80.29%,8788,21.45%,5434,70.96%,74.66%,3683,3375,3061,2818,69.46%
15-Mar-17,147334432 - Adidas DB - PH,6636,2514,0.84%,42,80.63%,6149,8.86%,2496,75.36%,79.05%,1806,1650,1505,1400,70.96%
16-Mar-17,147334432 - Adidas DB - PH,6189,2456,1.10%,30,82.04%,5720,9.91%,2442,75.88%,79.07%,1761,1628,1466,1393,72.14%
17-Mar-17,147334432 - Adidas DB - PH,22,0,1.20%,0,0%,7,0%,0,0%,0%,0,0,0,0,0%
18-Mar-17,147334432 - Adidas DB - PH,7,0,1.90%,0,0%,2,0%,0,0%,0%,0,0,0,0,0%
19-Mar-17,147334432 - Adidas DB - PH,7,0,0%,0,0%,2,0%,0,0%,0%,0,0,0,0,0%
20-Mar-17,147334432 - Adidas DB - PH,0,0,0.89%,0,0%,0,0%,0,0%,0%,0,0,0,0,0%
21-Mar-17,147334432 - Adidas DB - PH,7627,4198,1.05%,90,85.52%,4794,31.56%,4172,72.99%,76.27%,2953,2854,2930,2717,85.39%
22-Mar-17,147334432 - Adidas DB - PH,6841,5469,1.69%,71,87.26%,6285,46.51%,5441,76.31%,78.92%,4070,3836,3545,3367,78.41%
23-Mar-17,147334432 - Adidas DB - PH,9325,7244,0.99%,111,85.13%,8441,41.05%,7179,73.80%,76.60%,5163,4851,4454,4168,75.80%
24-Mar-17,147334432 - Adidas DB - PH,8074,6251,1.64%,92,84.63%,7267,43.07%,6189,70.93%,73.81%,4280,4024,3679,3433,75.15%
25-Mar-17,147334432 - Adidas DB - PH,7943,6135,0%,118,85.38%,7182,46%,6080,72.27%,74.75%,4260,4004,3646,3376,74.28%
26-Mar-17,147334432 - Adidas DB - PH,8724,6737,1.03%,136,85.65%,7877,46.34%,6667,72.46%,75.03%,4675,4362,3973,3710,74.17%
27-Mar-17,147334432 - Adidas DB - PH,8600,6562,0.88%,118,86.48%,7506,43.82%,6476,73.24%,75.90%,4641,4386,4010,3741,76.11%
28-Mar-17,147334432 - Adidas DB - PH,13738,10623,1.90%,194,86.23%,12311,45.28%,10496,72.07%,74.60%,7356,6915,6303,5888,75.20%
29-Mar-17,147334432 - Adidas DB - PH,14839,11718,0.95%,223,85.14%,13497,45.49%,11609,71.83%,75.11%,8179,7616,6889,6452,74%
30-Mar-17,147334432 - Adidas DB - PH,12535,9992,1.87%,148,85.33%,11299,44.55%,9929,70.39%,72.93%,6815,6409,5837,5464,75.46%
31-Mar-17,147334432 - Adidas DB - PH,13247,10580,0%,136,85.77%,12020,43.88%,10484,72.97%,75.67%,7492,7085,6471,6031,76.02%
1-Apr-17,147334432 - Adidas DB - PH,10684,8757,0.32%,106,84.78%,9686,37.09%,8712,72.26%,75.24%,6180,5811,5379,5067,77.30%
2-Apr-17,147334432 - Adidas DB - PH,12487,10076,0.68%,90,83.96%,11189,34.11%,10035,73.29%,75.85%,7190,6848,6301,5955,78.23%
3-Apr-17,147334432 - Adidas DB - PH,12801,10480,0.43%,108,84.27%,11541,33.52%,10398,73.69%,76.57%,7488,7087,6497,6196,77.82%
4-Apr-17,147334432 - Adidas DB - PH,3594,2512,1.08%,8,77.75%,3037,41.06%,2423,46.18%,48.41%,1100,1036,945,891,75.96%
5-Apr-17,147334432 - Adidas DB - PH,3261,2061,1.87%,10,72.15%,2685,48.38%,1936,16.99%,17.25%,310,285,252,234,70.06%
6-Apr-17,147334432 - Adidas DB - PH,2674,1652,0%,12,73.37%,2147,43.60%,1556,28.53%,30.21%,423,397,349,323,68.72%
7-Apr-17,147334432 - Adidas DB - PH,2031,1142,0.49%,7,68.48%,1572,41.16%,1056,20.08%,21.40%,189,176,157,138,61.06%
8-Apr-17,147334432 - Adidas DB - PH,1163,654,0.10%,1,73.85%,918,42.59%,619,25.04%,26.49%,144,137,122,119,72.56%
9-Apr-17,147334432 - Adidas DB - PH,795,478,0.42%,3,69.25%,635,42.83%,436,21.79%,23.85%,92,86,78,73,70.19%
10-Apr-17,147334432 - Adidas DB - PH,7061,5323,1.06%,24,75.30%,6149,36.12%,5198,60.45%,62.45%,3048,2930,2778,2671,82.29%
11-Apr-17,147334432 - Adidas DB - PH,470,298,1.58%,1,68.12%,380,47.63%,280,14.29%,14.29%,37,34,32,31,77.50%
8-Mar-17,147347247 - Adidas DB - VN,313,180,0%,3,83.89%,265,10.94%,179,82.68%,84.92%,144,134,123,114,75%
9-Mar-17,147347247 - Adidas DB - VN,9046,4803,0.73%,63,85.45%,8338,9.03%,4784,81.75%,85.60%,3786,3500,3213,3014,73.60%
10-Mar-17,147347247 - Adidas DB - VN,3616,2015,0.35%,34,77.87%,3213,17.62%,1993,70.20%,73.06%,1341,1213,1086,1000,68.68%
11-Mar-17,147347247 - Adidas DB - VN,5819,3893,0.39%,63,79.55%,5160,24.69%,3861,71.77%,74.67%,2636,2415,2161,2015,69.89%
12-Mar-17,147347247 - Adidas DB - VN,5330,3692,1.11%,66,79.41%,4665,28.19%,3646,71.17%,74.57%,2475,2252,2017,1862,68.48%
13-Mar-17,147347247 - Adidas DB - VN,5576,3686,1.18%,49,77.18%,4926,28.12%,3645,65.71%,68.70%,2272,2097,1865,1725,68.89%
14-Mar-17,147347247 - Adidas DB - VN,7265,4050,0%,65,80.35%,6562,20.77%,4024,71.52%,74.50%,2746,2475,2230,2083,69.48%
15-Mar-17,147347247 - Adidas DB - VN,4888,1807,0.61%,36,81.96%,4509,8.21%,1799,76.26%,79.77%,1322,1211,1096,1013,70.59%
16-Mar-17,147347247 - Adidas DB - VN,4626,1804,0.78%,30,80.71%,4276,9.12%,1792,75.06%,77.23%,1289,1185,1066,998,72.11%
17-Mar-17,147347247 - Adidas DB - VN,26,0,0.34%,0,0%,7,0%,0,0%,0%,0,0,0,0,0%
18-Mar-17,147347247 - Adidas DB - VN,7,0,0.37%,0,0%,2,0%,0,0%,0%,0,0,0,0,0%
19-Mar-17,147347247 - Adidas DB - VN,7,0,0%,0,0%,2,0%,0,0%,0%,0,0,0,0,0%
20-Mar-17,147347247 - Adidas DB - VN,6,0,0%,0,0%,6,0%,0,0%,0%,0,0,0,0,0%
21-Mar-17,147347247 - Adidas DB - VN,20,0,0.15%,0,0%,9,0%,0,0%,0%,0,0,0,0,0%
22-Mar-17,147347247 - Adidas DB - VN,2079,211,0.21%,0,69.67%,1893,4.81%,202,59.41%,60.89%,120,109,94,85,69.11%
23-Mar-17,147347247 - Adidas DB - VN,7805,1275,0.17%,7,73.18%,6989,11.02%,1164,28.18%,31.01%,306,261,220,192,53.19%
24-Mar-17,147347247 - Adidas DB - VN,4216,999,0%,8,74.97%,3755,16.96%,918,27.12%,28.87%,231,207,181,167,63.02%
25-Mar-17,147347247 - Adidas DB - VN,0,0,1.76%,0,0%,0,0%,0,0%,0%,0,0,0,0,0%
26-Mar-17,147347247 - Adidas DB - VN,0,0,0%,0,0%,0,0%,0,0%,0%,0,0,0,0,0%
27-Mar-17,147347247 - Adidas DB - VN,0,0,0.63%,0,0%,0,0%,0,0%,0%,0,0,0,0,0%
28-Mar-17,147347247 - Adidas DB - VN,0,0,0.42%,0,0%,0,0%,0,0%,0%,0,0,0,0,0%
29-Mar-17,147347247 - Adidas DB - VN,0,0,0.54%,0,0%,0,0%,0,0%,0%,0,0,0,0,0%
30-Mar-17,147347247 - Adidas DB - VN,0,0,1.09%,0,0%,0,0%,0,0%,0%,0,0,0,0,0%
31-Mar-17,147347247 - Adidas DB - VN,0,0,1.55%,0,0%,0,0%,0,0%,0%,0,0,0,0,0%
1-Apr-17,147347247 - Adidas DB - VN,0,0,0%,0,0%,0,0%,0,0%,0%,0,0,0,0,0%
2-Apr-17,147347247 - Adidas DB - VN,0,0,0.45%,0,0%,0,0%,0,0%,0%,0,0,0,0,0%
3-Apr-17,147347247 - Adidas DB - VN,0,0,0.19%,0,0%,0,0%,0,0%,0%,0,0,0,0,0%
4-Apr-17,147347247 - Adidas DB - VN,0,0,0.56%,0,0%,0,0%,0,0%,0%,0,0,0,0,0%
5-Apr-17,147347247 - Adidas DB - VN,0,0,1.11%,0,0%,0,0%,0,0%,0%,0,0,0,0,0%
6-Apr-17,147347247 - Adidas DB - VN,0,0,1.37%,0,0%,0,0%,0,0%,0%,0,0,0,0,0%
7-Apr-17,147347247 - Adidas DB - VN,0,0,0.45%,0,0%,0,0%,0,0%,0%,0,0,0,0,0%
8-Apr-17,147347247 - Adidas DB - VN,0,0,0.19%,0,0%,0,0%,0,0%,0%,0,0,0,0,0%
9-Apr-17,147347247 - Adidas DB - VN,0,0,0.56%,0,0%,0,0%,0,0%,0%,0,0,0,0,0%
10-Apr-17,147347247 - Adidas DB - VN,0,0,1.11%,0,0%,0,0%,0,0%,0%,0,0,0,0,0%
11-Apr-17,147347247 - Adidas DB - VN,0,0,1.37%,0,0%,0,0%,0,0%,0%,0,0,0,0,0%